Airport,City
AAA,AAA
AAE,AAE
AAL,AAL
AAN,AAN
AAQ,AAQ
AAR,AAR
AAT,AAT
AAX,AAX
ABA,ABA
ABB,ABB
ABD,ABD
ABE,ABE
ABI,ABI
ABJ,ABJ
ABL,ABL
ABQ,ABQ
ABR,ABR
ABS,ABS
ABT,ABT
ABU,ABU
ABV,ABV
ABX,ABX
ABY,ABY
ABZ,ABZ
ACA,ACA
ACC,ACC
ACE,ACE
ACH,ACH
ACK,ACK
ACR,ACR
ACT,ACT
ACV,ACV
ACX,ACX
ACY,AIY
ACZ,ACZ
ADA,ADA
ADB,IZM
ADD,ADD
ADE,ADE
ADF,ADF
ADH,ADH
ADJ,AMM
ADK,ADK
ADL,ADL
ADQ,ADQ
ADU,ADU
ADV,ADV
ADZ,ADZ
AEB,AEB
AEP,BUE
AER,AER
AES,AES
AET,AET
AEY,AEY
AFA,AFA
AFL,AFL
AFZ,AFZ
AGA,AGA
AGB,MUC
AGF,AGF
AGH,AGH
AGP,AGP
AGR,AGR
AGS,AGS
AGT,AGT
AGU,AGU
AGX,AGX
AHB,AHB
AHE,AHE
AHO,AHO
AHU,AHU
AIA,AIA
AIN,AIN
AIT,AIT
AIU,AIU
AJA,AJA
AJF,AJF
AJI,AJI
AJK,AJK
AJL,AJL
AJN,AJN
AJR,AJR
AJU,AJU
AJY,AJY
AKF,AKF
AKJ,AKJ
AKL,AKL
AKN,AKN
AKP,AKP
AKU,AKU
AKV,AKV
AKX,AKX
AKY,AKY
ALA,ALA
ALB,ALB
ALC,ALC
ALF,ALF
ALG,ALG
ALH,ALH
ALO,ALO
ALS,ALS
ALW,ALW
AMA,AMA
AMD,AMD
AMH,AMH
AMM,AMM
AMQ,AMQ
AMS,AMS
AMV,AMV
ANC,ANC
ANE,ANE
ANF,ANF
ANI,ANI
ANM,ANM
ANR,ANR
ANS,ANS
ANU,ANU
ANV,ANV
ANX,ANX
AOE,ESK
AOG,AOG
AOI,AOI
AOJ,AOJ
AOK,AOK
AOR,AOR
AOU,AOU
APC,APC
APK,APK
APL,APL
APN,APN
APO,APO
APW,APW
AQG,AQG
AQI,AQI
AQJ,AQJ
AQP,AQP
ARA,ARA
ARC,ARC
ARD,ARD
ARH,ARH
ARI,ARI
ARK,ARK
ARM,ARM
ARN,STO
ART,ART
ARU,ARU
ARW,ARW
ASB,ASB
ASE,ASE
ASF,ASF
ASJ,ASJ
ASM,ASM
ASO,ASO
ASP,ASP
ASR,ASR
ASU,ASU
ASV,ASV
ASW,ASW
ATA,ATA
ATC,ATC
ATH,ATH
ATK,ATK
ATL,ATL
ATM,ATM
ATQ,ATQ
ATW,ATW
ATY,ATY
ATZ,ATZ
AUA,AUA
AUC,AUC
AUH,AUH
AUQ,AUQ
AUR,AUR
AUS,AUS
AUX,AUX
AUY,AUY
AVA,AVA
AVL,AVL
AVN,AVN
AVP,AVP
AVV,AVV
AWD,AWD
AWZ,AWZ
AXA,AXA
AXD,AXD
AXF,AXF
AXM,AXM
AXP,AXP
AXR,AXR
AXT,AXT
AXU,AXU
AYP,AYP
AYQ,AYQ
AYT,AYT
AZD,AZD
AZN,AZN
AZO,AZO
AZR,AZR
AZS,AZS
BAH,BAH
BAL,BAL
BAQ,BAQ
BAS,BAS
BAV,BAV
BAX,BAX
BAY,BAY
BBA,BBA
BBI,BBI
BBK,BBK
BBN,BBN
BBO,BBO
BCD,BCD
BCI,BCI
BCM,BCM
BCN,BCN
BCV,BCV
BDA,BDA
BDB,BDB
BDH,BDH
BDJ,BDJ
BDL,HFD
BDO,BDO
BDP,BDP
BDQ,BDQ
BDS,BDS
BDU,BDU
BEB,BEB
BEG,BEG
BEJ,BEJ
BEL,BEL
BEM,BEM
BEN,BEN
BES,BES
BET,BET
BEW,BEW
BEY,BEY
BFC,BFC
BFF,BFF
BFI,SEA
BFJ,BFJ
BFL,BFL
BFN,BFN
BFS,BFS
BFV,BFV
BGA,BGA
BGF,BGF
BGG,BGG
BGI,BGI
BGM,BGM
BGN,BGN
BGO,BGO
BGR,BGR
BGW,BGW
BGY,MIL
BHB,BHB
BHD,BFS
BHE,BHE
BHH,BHH
BHI,BHI
BHJ,BHJ
BHK,BHK
BHM,BHM
BHO,BHO
BHQ,BHQ
BHR,BHR
BHS,BHS
BHU,BHU
BHV,BHV
BHX,BHX
BHY,BHY
BIA,BIA
BIF,BIF
BIK,BIK
BIL,BIL
BIM,BIM
BIN,BIN
BIO,BIO
BIQ,BIQ
BIR,BIR
BIS,BIS
BJA,BJA
BJB,BJB
BJF,BJF
BJI,BJI
BJL,BJL
BJM,BJM
BJR,BJR
BJT,BJT
BJV,BJV
BJW,BJW
BJX,BJX
BJZ,BJZ
BKC,BKC
BKG,BKG
BKI,BKI
BKK,BKK
BKM,BKM
BKO,BKO
BKQ,BKQ
BKS,BKS
BKW,BKW
BKY,BKY
BKZ,BKZ
BLA,BLA
BLE,BLE
BLI,BLI
BLJ,BLJ
BLL,BLL
BLQ,BLQ
BLR,BLR
BLV,BLV
BLZ,BLZ
BMA,STO
BMB,BMB
BME,BME
BMG,BMG
BMI,BMI
BMO,BMO
BMU,BMU
BMV,BMV
BMW,BMW
BNA,BNA
BNC,BNC
BND,BND
BNE,BNE
BNI,BNI
BNK,BNK
BNN,BNN
BNS,BNS
BNX,BNX
BNY,BNY
BOB,BOB
BOC,BOC
BOD,BOD
BOG,BOG
BOH,BOH
BOI,BOI
BOJ,BOJ
BOM,BOM
BON,BON
BOO,BOO
BOS,BOS
BOY,BOY
BPE,BPE
BPL,BPL
BPM,BPM
BPN,BPN
BPS,BPS
BPT,BPT
BPX,BPX
BQA,BQA
BQB,BQB
BQJ,BQJ
BQK,SSI
BQN,BQN
BQS,BQS
BQT,BQT
BRA,BRA
BRC,BRC
BRD,BRD
BRE,BRE
BRI,BRI
BRL,BRL
BRM,BRM
BRN,BRN
BRO,BRO
BRQ,BRQ
BRR,BRR
BRS,BRS
BRU,BRU
BRW,BRW
BSA,BSA
BSB,BSB
BSC,BSC
BSD,BSD
BSG,BSG
BSK,BSK
BSL,BSL
BSO,BSO
BSR,BSR
BST,BST
BSX,BSX
BTC,BTC
BTH,BTH
BTI,BTI
BTJ,BTJ
BTK,BTK
BTM,BTM
BTR,BTR
BTS,BTS
BTT,BTT
BTU,BTU
BTV,BTV
BUA,BUA
BUD,BUD
BUF,BUF
BUL,BUL
BUN,BUN
BUQ,BUQ
BUR,BUR
BUS,BUS
BUW,BUW
BUX,BUX
BUZ,BUZ
BVA,BVA
BVB,BVB
BVC,BVC
BVE,BVE
BVG,BVG
BVH,BVH
BVV,BVV
BWA,BWA
BWE,BWE
BWI,WAS
BWK,BWK
BWN,BWN
BWT,BWT
BWX,BWX
BXB,BXB
BXR,BXR
BXU,BXU
BYC,BYC
BYK,BYK
BYO,BYO
BYP,BYP
BZE,BZE
BZG,BZG
BZN,BZN
BZO,BZO
BZR,BZR
BZV,BZV
CAB,CAB
CAC,CAC
CAE,CAE
CAG,CAG
CAH,CAH
CAI,CAI
CAK,CAK
CAL,CAL
CAN,CAN
CAP,CAP
CAW,CAW
CAY,CAY
CBB,CBB
CBH,CBH
CBO,CBO
CBQ,CBQ
CBR,CBR
CBT,CBT
CCC,CCC
CCF,CCF
CCJ,CCJ
CCK,CCK
CCM,CCM
CCN,CCN
CCP,CCP
CCS,CCS
CCU,CCU
CCV,CCV
CDB,CDB
CDC,CDC
CDG,PAR
CDR,CDR
CDV,CDV
CEB,CEB
CEC,CEC
CED,CED
CEE,CEE
CEG,CEG
CEI,CEI
CEK,CEK
CEN,CEN
CEZ,CEZ
CFB,CFB
CFC,CFC
CFE,CFE
CFG,CFG
CFK,CFK
CFN,CFN
CFR,CFR
CFS,CFS
CFU,CFU
CGA,CGA
CGB,CGB
CGD,CGD
CGH,SAO
CGK,JKT
CGM,CGM
CGN,CGN
CGO,CGO
CGP,CGP
CGQ,CGQ
CGR,CGR
CGY,CGY
CHA,CHA
CHC,CHC
CHG,CHG
CHO,CHO
CHQ,CHQ
CHS,CHS
CHT,CHT
CHX,CHX
CHY,CHY
CIA,ROM
CID,CID
CIF,CIF
CIH,CIH
CIJ,CIJ
CIT,CIT
CIU,SSM
CIX,CIX
CIY,CIY
CIZ,CIZ
CJA,CJA
CJB,CJB
CJC,CJC
CJF,CJF
CJJ,CJJ
CJL,CJL
CJM,CJM
CJS,CJS
CJU,CJU
CKB,CKB
CKG,CKG
CKH,CKH
CKS,CKS
CKY,CKY
CKZ,CKZ
CLD,CLD
CLE,CLE
CLJ,CLJ
CLL,CLL
CLO,CLO
CLQ,CLQ
CLT,CLT
CLV,CLV
CLY,CLY
CMB,CMB
CME,CME
CMF,CMF
CMG,CMG
CMH,CMH
CMI,CMI
CMN,CAS
CMU,CMU
CMW,CMW
CMX,CMX
CND,CND
CNF,BHZ
CNJ,CNJ
CNM,CNM
CNP,CNP
CNQ,CNQ
CNS,CNS
CNX,CNX
CNY,CNY
COD,COD
COK,COK
COO,COO
COQ,COQ
COR,COR
COS,COS
COU,COU
CPC,CPC
CPD,CPD
CPE,CPE
CPH,CPH
CPO,CPO
CPR,CPR
CPT,CPT
CPV,CPV
CRA,CRA
CRD,CRD
CRI,CRI
CRK,NCP
CRL,BRU
CRM,CRM
CRP,CRP
CRV,CRV
CRW,CRW
CSG,CSG
CSH,CSH
CSX,CSX
CSY,CSY
CTA,CTA
CTC,CTC
CTG,CTG
CTL,CTL
CTM,CTM
CTN,CTN
CTS,SPK
CTU,CTU
CUC,CUC
CUE,CUE
CUF,CUF
CUK,CUK
CUL,CUL
CUM,CUM
CUN,CUN
CUR,CUR
CUU,CUU
CUZ,CUZ
CVG,CVG
CVM,CVM
CVN,CVN
CVQ,CVQ
CVT,CVT
CVU,CVU
CWA,AUW
CWB,CWB
CWL,CWL
CXB,CXB
CXI,CXI
CXJ,CXJ
CXR,CXR
CYB,CYB
CYD,CYD
CYO,CYO
CYP,CYP
CYS,CYS
CYX,CYX
CYZ,CYZ
CZE,CZE
CZH,CZH
CZL,CZL
CZM,CZM
CZS,CZS
CZU,CZU
CZX,CZX
DAB,DAB
DAC,DAC
DAD,DAD
DAL,DFW
DAM,DAM
DAR,DAR
DAT,DAT
DAU,DAU
DAV,DAV
DAX,DAX
DAY,DAY
DBA,DBA
DBO,DBO
DBQ,DBQ
DBV,DBV
DCA,WAS
DCM,DCM
DCY,DCY
DDC,DDC
DDG,DDG
DEA,DEA
DEB,DEB
DEC,DEC
DED,DED
DEE,DEE
DEF,DEF
DEL,DEL
DEN,DEN
DFW,DFW
DGA,DGA
DGO,DGO
DGT,DGT
DHI,DHI
DHM,DHM
DHN,DHN
DIB,DIB
DIE,DIE
DIG,DIG
DIK,DIK
DIL,DIL
DIN,DIN
DIO,DIO
DIR,DIR
DIS,DIS
DIU,DIU
DIW,DIW
DIY,DIY
DJB,DJB
DJE,DJE
DJG,DJG
DJJ,DJJ
DKR,DKR
DLA,DLA
DLC,DLC
DLE,DLE
DLG,DLG
DLH,DLH
DLI,DLI
DLM,DLM
DLU,DLU
DLY,DLY
DLZ,DLZ
DMB,DMB
DME,MOW
DMK,BKK
DMM,DMM
DMU,DMU
DNA,OKA
DND,DND
DNH,DNH
DNK,DNK
DNR,DNR
DNZ,DNZ
DOB,DOB
DOH,DOH
DOK,DOK
DOL,DOL
DOM,DOM
DOU,DOU
DOY,DOY
DPL,DPL
DPO,DPO
DPS,DPS
DPT,DPT
DQA,DQA
DQM,DQM
DRG,DRG
DRK,DRK
DRO,DRO
DRS,DRS
DRV,DRV
DRW,DRW
DSA,DSA
DSE,DSE
DSI,DSI
DSK,DSK
DSM,DSM
DSN,DSN
DTB,DTB
DTM,DTM
DTW,DTT
DUB,DUB
DUD,DUD
DUJ,DUJ
DUR,DUR
DUS,DUS
DUT,DUT
DVL,DVL
DVO,DVO
DWC,DWC
DWD,DWD
DWO,DWO
DXB,DXB
DXE,DXE
DYG,DYG
DYR,DYR
DYU,DYU
DZA,DZA
DZN,DZN
EAM,EAM
EAR,EAR
EAS,EAS
EAT,EAT
EAU,EAU
EBA,EBA
EBB,EBB
EBD,EBD
EBH,EBH
EBJ,EBJ
EBL,EBL
EBU,EBU
ECN,ECN
ECP,ECP
EDF,ANC
EDI,EDI
EDL,EDL
EDO,EDO
EDR,EDR
EEK,EEK
EFL,EFL
EGC,EGC
EGE,EGE
EGM,EGM
EGN,EGN
EGO,EGO
EGS,EGS
EIN,EIN
EJA,EJA
EJH,EJH
EJN,EJN
EKO,EKO
EKS,EKS
ELC,ELC
ELD,ELD
ELF,ELF
ELG,ELG
ELH,ELH
ELI,ELI
ELM,ELM
ELP,ELP
ELQ,ELQ
ELS,ELS
ELU,ELU
EMA,EMA
EMD,EMD
EML,EML
ENA,ENA
ENE,ENE
ENH,ENH
ENU,ENU
ENY,ENY
EOH,MDE
EPR,EPR
EQS,EQS
ERC,ERC
ERF,ERF
ERH,ERH
ERI,ERI
ERL,ERL
ERM,ERM
ERN,ERN
ERS,WDH
ERZ,ERZ
ESB,ANK
ESC,ESC
ESD,ESD
ESL,ESL
ESM,ESM
ESU,ESU
ETH,ETH
ETR,ETR
ETZ,ETZ
EUG,EUG
EUN,EUN
EUX,EUX
EVE,EVE
EVG,EVG
EVN,EVN
EVV,EVV
EWN,EWN
EWR,NYC
EXT,EXT
EYK,EYK
EYP,EYP
EYW,EYW
EZE,BUE
EZS,EZS
EZV,EZV
FAC,FAC
FAE,FAE
FAH,FAH
FAI,FAI
FAO,FAO
FAR,FAR
FAT,FAT
FAV,FAV
FAY,FAY
FBD,FBD
FBE,FBE
FBM,FBM
FCA,FCA
FCO,ROM
FDE,FDE
FDF,FDF
FDH,FDH
FEC,FEC
FEG,FEG
FEN,FEN
FEZ,FEZ
FGI,APW
FGU,FGU
FHZ,FHZ
FIH,FIH
FKB,FKB
FKI,FKI
FKQ,FKQ
FKS,FKS
FLA,FLA
FLG,FLG
FLL,FLL
FLN,FLN
FLO,FLO
FLR,FLR
FLS,FLS
FLW,FLW
FMA,FMA
FMI,FMI
FMM,FMM
FMN,FMN
FMO,FMO
FNA,FNA
FNC,FNC
FNI,FNI
FNJ,FNJ
FNT,FNT
FOC,FOC
FOD,FOD
FOE,TOP
FON,FON
FOR,FOR
FPO,FPO
FRA,FRA
FRD,FRD
FRE,FRE
FRO,FRO
FRS,FRS
FRU,FRU
FRW,FRW
FSC,FSC
FSD,FSD
FSM,FSM
FSP,FSP
FSZ,FSZ
FTA,FTA
FTE,FTE
FTU,FTU
FUE,FUE
FUG,FUG
FUJ,FUJ
FUK,FUK
FUN,FUN
FUO,FUO
FUT,FUT
FVM,FVM
FWA,FWA
FYJ,FYJ
FYU,FYU
GAE,GAE
GAF,GAF
GAJ,GAJ
GAL,GAL
GAM,GAM
GAN,GAN
GAU,GAU
GAY,GAY
GBB,GBB
GBD,GBD
GBE,GBE
GBT,GBT
GCC,GCC
GCH,GCH
GCI,GCI
GCK,GCK
GCM,GCM
GDE,GDE
GDL,GDL
GDN,GDN
GDQ,GDQ
GDT,GDT
GDX,GDX
GDZ,GDZ
GEA,NOU
GEG,GEG
GEL,GEL
GEO,GEO
GES,GES
GET,GET
GEV,GEV
GFF,GFF
GFK,GFK
GFN,GFN
GGG,GGG
GGM,GGM
GGT,GGT
GHA,GHA
GHB,GHB
GIB,GIB
GIG,RIO
GIL,GIL
GIS,GIS
GIU,GIU
GIZ,GIZ
GJA,GJA
GJL,GJL
GJT,GJT
GKA,GKA
GKK,GKK
GLA,GLA
GLF,GLF
GLH,GLH
GLK,GLK
GLN,GLN
GLO,GLO
GLT,GLT
GLV,GLV
GLX,GLX
GMA,GMA
GMB,GMB
GME,GME
GMO,GMO
GMP,SEL
GMR,GMR
GMZ,GMZ
GNA,GNA
GNB,GNB
GND,GND
GNS,GNS
GNV,GNV
GOA,GOA
GOB,GOB
GOH,GOH
GOI,GOI
GOJ,GOJ
GOM,GOM
GOP,GOP
GOQ,GOQ
GOT,GOT
GOU,GOU
GOV,GOV
GPA,GPA
GPI,GPI
GPS,GPS
GPT,GPT
GRB,GRB
GRI,GRI
GRJ,GRJ
GRK,GRK
GRO,GRO
GRQ,GRQ
GRR,GRR
GRU,SAO
GRV,GRV
GRW,GRW
GRX,GRX
GRZ,GRZ
GSE,GOT
GSM,GSM
GSO,GSO
GSP,GSP
GST,GST
GTE,GTE
GTF,GTF
GTO,GTO
GTP,GTP
GTR,UBS
GTS,GTS
GUA,GUA
GUC,GUC
GUM,GUM
GUR,GUR
GUW,GUW
GVA,GVA
GVR,GVR
GWD,GWD
GWL,GWL
GWT,GWT
GXF,GXF
GXH,GXH
GYA,GYA
GYD,BAK
GYE,GYE
GYG,GYG
GYL,GYL
GYN,GYN
GYS,GYS
GZO,GZO
GZP,AYT
GZT,GZT
HAA,HAA
HAC,HAC
HAD,HAD
HAH,YVA
HAJ,HAJ
HAK,HAK
HAM,HAM
HAN,HAN
HAQ,HAQ
HAS,HAS
HAU,HAU
HAV,HAV
HBA,HBA
HBE,HBE
HBX,HBX
HCJ,HCJ
HCR,HCR
HDF,HDF
HDG,HDG
HDM,HDM
HDN,HDN
HDS,HDS
HDY,HDY
HEA,HEA
HEH,HEH
HEK,HEK
HEL,HEL
HER,HER
HET,HET
HFE,HFE
HFS,HFS
HFT,HFT
HGA,HGA
HGD,HGD
HGH,HGH
HGN,HGN
HGO,HGO
HGR,HGR
HGU,HGU
HHH,HHH
HHN,HHN
HHQ,HHQ
HHR,HHR
HHZ,HHZ
HIA,HIA
HIB,HIB
HID,HID
HIJ,HIJ
HIN,HIN
HIR,HIR
HJJ,HJJ
HJR,HJR
HKD,HKD
HKG,HKG
HKK,HKK
HKN,HKN
HKT,HKT
HLA,HLA
HLD,HLD
HLH,HLH
HLN,HLN
HLP,JKT
HLZ,HLZ
HMA,HMA
HMB,HMB
HME,HME
HMI,HMI
HMO,HMO
HMV,HMV
HNA,HNA
HND,TYO
HNH,HNH
HNL,HNL
HNS,HNS
HNY,HNY
HOB,HOB
HOD,HOD
HOF,HOF
HOG,HOG
HOI,HOI
HOM,HOM
HON,HON
HOR,HOR
HOT,HOT
HOU,HOU
HOV,HOV
HOX,HOX
HPB,HPB
HPG,HPG
HPH,HPH
HPN,HPN
HRB,HRB
HRE,HRE
HRG,HRG
HRI,HRI
HRK,HRK
HRL,HRL
HRO,HRO
HSG,HSG
HSL,HSL
HSN,HSN
HSV,HSV
HTA,HTA
HTI,HTI
HTN,HTN
HTS,HTS
HUE,HUE
HUH,HUH
HUI,HUI
HUN,HUN
HUS,HUS
HUU,HUU
HUX,HUX
HUY,HUY
HUZ,HUZ
HVB,HVB
HVD,HVD
HVG,HVG
HVN,HVN
HWD,HWD
HXD,HXD
HYA,HYA
HYD,HYD
HYN,HYN
HYS,HYS
HZG,HZG
HZH,HZH
IAA,IAA
IAD,WAS
IAG,IAG
IAH,HOU
IAM,IAM
IAN,IAN
IAO,IAO
IAS,IAS
IBA,IBA
IBE,IBE
IBR,IBR
IBZ,IBZ
ICI,ICI
ICN,SEL
ICT,ICT
IDA,IDA
IDR,IDR
IEV,IEV
IFJ,IFJ
IFN,IFN
IFO,IFO
IGA,IGA
IGD,IGD
IGM,IGM
IGR,IGR
IGT,IGT
IGU,IGU
IIL,IIL
IJK,IJK
IKA,THR
IKI,IKI
IKS,IKS
IKT,IKT
ILD,ILD
ILG,ILG
ILI,ILI
ILM,ILM
ILO,ILO
ILP,ILP
ILR,ILR
ILY,ILY
IMF,IMF
IMP,IMP
IMT,IMT
INB,INB
INC,INC
IND,IND
INH,INH
INL,INL
INN,INN
INU,INU
INV,INV
INZ,INZ
IOA,IOA
IOM,IOM
IOS,IOS
IPA,IPA
IPC,IPC
IPH,IPH
IPL,IPL
IPN,IPN
IPT,IPT
IQN,IQN
IQQ,IQQ
IQT,IQT
IRA,IRA
IRJ,IRJ
IRM,IRM
IRP,IRP
ISA,ISA
ISB,ISB
ISC,ISC
ISE,ISE
ISG,ISG
ISN,ISN
ISP,ISP
IST,IST
ISU,ISU
ITB,ITB
ITH,ITH
ITM,OSA
ITO,ITO
IUE,IUE
IVC,IVC
IVL,IVL
IWA,IWA
IWD,IWD
IWJ,IWJ
IWK,IWK
IWO,IWO
IXA,IXA
IXB,IXB
IXC,IXC
IXD,IXD
IXE,IXE
IXG,IXG
IXJ,IXJ
IXL,IXL
IXM,IXM
IXR,IXR
IXS,IXS
IXU,IXU
IXZ,IXZ
IZA,IZA
IZO,IZO
JAC,JAC
JAI,JAI
JAL,JAL
JAN,JAN
JAU,JAU
JAV,JAV
JAX,JAX
JBB,JBB
JBQ,JBQ
JBR,JBR
JCB,JCB
JCK,JCK
JDH,JDH
JDO,JDO
JDZ,JDZ
JED,JED
JEG,JEG
JEK,JEK
JER,JER
JFK,NYC
JFR,JFR
JGA,JGA
JGD,JGD
JGN,JGN
JGS,JGS
JHB,JHB
JHG,JHG
JHS,JHS
JIB,JIB
JIC,JIC
JIJ,JIJ
JIK,JIK
JIM,JIM
JIQ,JIQ
JIU,JIU
JJN,JJN
JKG,JKG
JKH,JKH
JKL,JKL
JKR,JKR
JLN,JLN
JLR,JLR
JMK,JMK
JMS,JMS
JMU,JMU
JNB,JNB
JNG,JNG
JNU,JNU
JNX,JNX
JNZ,JNZ
JOE,JOE
JOG,JOG
JOI,JOI
JOK,JOK
JOL,JOL
JOS,JOS
JPA,JPA
JPR,JPR
JQA,JQA
JRH,JRH
JRO,JRO
JSH,JSH
JSI,JSI
JSR,JSR
JST,JST
JSU,JSU
JSY,JSY
JTC,JTC
JTR,JTR
JTY,JTY
JUB,JUB
JUH,JUH
JUJ,JUJ
JUL,JUL
JUV,JUV
JUZ,JUZ
JXA,JXA
JYV,JYV
JZH,JZH
KAA,KAA
KAB,KAB
KAD,KAD
KAJ,KAJ
KAL,KAL
KAN,KAN
KAO,KAO
KAT,KAT
KAW,KAW
KAZ,KAZ
KBC,KBC
KBL,KBL
KBP,IEV
KBR,KBR
KBU,KBU
KBV,KBV
KCA,KCA
KCH,KCH
KCK,KCK
KCM,KCM
KCT,KCT
KCZ,KCZ
KDH,KDH
KDI,KDI
KDL,KDL
KDM,KDM
KDO,KDO
KDU,KDU
KDV,KDV
KDY,KDY
KDZ,KDZ
KEF,REK
KEH,KEH
KEJ,KEJ
KEM,KEM
KEP,KEP
KER,KER
KET,KET
KEW,KEW
KFS,KFS
KGA,KGA
KGC,KGC
KGD,KGD
KGE,KGE
KGF,KGF
KGI,KGI
KGL,KGL
KGS,KGS
KGT,KGT
KGX,KGX
KHD,KHD
KHE,KHE
KHG,KHG
KHH,KHH
KHI,KHI
KHM,KHM
KHN,KHN
KHS,KHS
KHT,KHT
KHV,KHV
KHY,KHY
KHZ,KHZ
KID,KID
KIE,KIE
KIF,KIF
KIH,KIH
KIJ,KIJ
KIM,KIM
KIN,KIN
KIR,KIR
KIS,KIS
KIT,KIT
KIV,KIV
KIX,OSA
KJA,KJA
KJH,KJH
KKA,KKA
KKC,KKC
KKE,KKE
KKJ,KKJ
KKN,KKN
KKR,KKR
KKX,KKX
KLG,KLG
KLO,KLO
KLR,KLR
KLU,KLU
KLV,KLV
KLW,KLW
KLX,KLX
KMC,KMC
KMG,KMG
KMI,KMI
KMJ,KMJ
KMN,KMN
KMQ,KMQ
KMS,KMS
KMU,KMU
KMV,KMV
KND,KND
KNG,KNG
KNH,KNH
KNO,KNO
KNQ,KNQ
KNS,KNS
KNU,KNU
KNX,KNX
KOA,KOA
KOE,KOE
KOI,KOI
KOJ,KOJ
KOK,KOK
KOO,KOO
KOP,KOP
KOS,KOS
KOT,KOT
KOV,KOV
KOW,KOW
KQT,KQT
KRF,KRF
KRK,KRK
KRL,KRL
KRN,KRN
KRO,KRO
KRP,KRP
KRR,KRR
KRS,KRS
KRT,KRT
KRY,KRY
KSA,KSA
KSC,KSC
KSD,KSD
KSF,KSF
KSH,KSH
KSJ,KSJ
KSM,KSM
KSN,KSN
KSO,KSO
KSQ,KSQ
KSU,KSU
KSY,KSY
KTA,KTA
KTD,KTD
KTE,KTE
KTG,KTG
KTL,KTL
KTM,KTM
KTN,KTN
KTS,KTS
KTT,KTT
KTW,KTW
KUA,KUA
KUD,KUD
KUF,KUF
KUH,KUH
KUL,KUL
KUM,KUM
KUN,KUN
KUO,KUO
KUS,KUS
KUT,KUT
KUU,KUU
KUV,KUV
KVA,KVA
KVD,KVD
KVG,KVG
KVK,KVK
KVL,KVL
KVX,KVX
KWA,KWA
KWE,KWE
KWI,KWI
KWJ,KWJ
KWL,KWL
KWM,KWM
KWN,KWN
KWZ,KWZ
KXF,KXF
KXK,KXK
KXU,KXU
KYA,KYA
KYP,KYP
KYU,KYU
KYZ,KYZ
KZI,KZI
KZN,KZN
KZO,KZO
KZR,KZR
KZS,KZS
LAD,LAD
LAE,LAE
LAF,LAF
LAI,LAI
LAN,LAN
LAO,LAO
LAP,LAP
LAQ,LAQ
LAR,LAR
LAS,LAS
LAU,LAU
LAW,LAW
LAX,LAX
LBA,LBA
LBB,LBB
LBC,LBC
LBD,LBD
LBE,LBE
LBF,LBF
LBJ,LBJ
LBL,LBL
LBP,LBP
LBS,LBS
LBU,LBU
LBV,LBV
LCA,LCA
LCE,LCE
LCG,LCG
LCH,LCH
LCJ,LCJ
LCK,CMH
LCM,LCM
LCR,LCR
LCX,LCX
LCY,LON
LDB,LDB
LDE,LDE
LDH,LDH
LDS,LDS
LDU,LDU
LDY,LDY
LEA,LEA
LEC,LEC
LED,LED
LEI,LEI
LEJ,LEJ
LEN,LEN
LEQ,LEQ
LET,LET
LEX,LEX
LFM,LFM
LFT,LFT
LFW,LFW
LGA,NYC
LGB,LGB
LGG,LGG
LGI,LGI
LGK,LGK
LGL,LGL
LGP,LGP
LGQ,LGQ
LGW,LON
LHE,LHE
LHR,LON
LHW,LHW
LIF,LIF
LIG,LIG
LIH,LIH
LIL,LIL
LIM,LIM
LIN,MIL
LIQ,LIQ
LIR,LIR
LIS,LIS
LIT,LIT
LIW,LIW
LJG,LJG
LJU,LJU
LKA,LKA
LKB,LKB
LKE,SEA
LKG,LKG
LKH,LKH
LKL,LKL
LKN,LKN
LKO,LKO
LKY,LKY
LLA,LLA
LLB,LLB
LLF,LLF
LLI,LLI
LLK,LLK
LLV,LLV
LLW,LLW
LMC,LMC
LMM,LMM
LMN,LMN
LMP,LMP
LNB,LNB
LNE,LNE
LNJ,LNJ
LNK,LNK
LNV,LNV
LNY,LNY
LNZ,LNZ
LOD,LOD
LOE,LOE
LOH,LOH
LOK,LOK
LOO,LOO
LOP,LOP
LOS,LOS
LPA,LPA
LPB,LPB
LPD,LPD
LPF,LPF
LPI,LPI
LPK,LPK
LPL,LPL
LPM,LPM
LPP,LPP
LPQ,LPQ
LPS,LPS
LPT,LPT
LPY,LPY
LQM,LQM
LRD,LRD
LRE,LRE
LRH,LRH
LRM,LRM
LRR,LRR
LRS,LRS
LRT,LRT
LSA,LSA
LSC,LSC
LSE,LSE
LSH,LSH
LSI,SDZ
LSP,LSP
LST,LST
LSW,LSW
LSY,LSY
LTI,LTI
LTN,LON
LTO,LTO
LTT,LTT
LTX,LTX
LUD,LUD
LUG,LUG
LUH,LUH
LUK,CVG
LUM,LUM
LUN,LUN
LUO,LUO
LUQ,LUQ
LUR,LUR
LUV,LUV
LUW,LUW
LUX,LUX
LUZ,LUZ
LVI,LVI
LWB,LWB
LWN,LWN
LWO,LWO
LWS,LWS
LWY,LWY
LXA,LXA
LXG,LXG
LXR,LXR
LXS,LXS
LYA,LYA
LYB,LYB
LYC,LYC
LYG,LYG
LYH,LYH
LYI,LYI
LYP,LYP
LYR,LYR
LYS,LYS
LZC,LZC
LZH,LZH
LZO,LZO
LZR,LZR
LZY,LZY
MAA,MAA
MAB,MAB
MAD,MAD
MAF,MAF
MAG,MAG
MAH,MAH
MAJ,MAJ
MAM,MAM
MAN,MAN
MAO,MAO
MAQ,MAQ
MAR,MAR
MAS,MAS
MAU,MAU
MBA,MBA
MBE,MBE
MBI,MBI
MBJ,MBJ
MBL,MBL
MBS,MBS
MBT,MBT
MCE,MCE
MCG,MCG
MCI,MKC
MCK,MCK
MCO,ORL
MCP,MCP
MCT,MCT
MCV,MCV
MCW,MCW
MCX,MCX
MCY,MCY
MCZ,MCZ
MDC,MDC
MDE,MDE
MDG,MDG
MDK,MDK
MDL,MDL
MDQ,MDQ
MDT,HAR
MDU,MDU
MDW,CHI
MDZ,MDZ
MEA,MEA
MEB,MEL
MEC,MEC
MED,MED
MEE,MEE
MEG,MEG
MEH,MEH
MEI,MEI
MEL,MEL
MEM,MEM
MEQ,MEQ
MEX,MEX
MFE,MFE
MFM,MFM
MFR,MFR
MFU,MFU
MGA,MGA
MGB,MGB
MGF,MGF
MGH,MGH
MGM,MGM
MGQ,MGQ
MGS,MGS
MGT,MGT
MGW,MGW
MGZ,MGZ
MHC,MHC
MHD,MHD
MHG,MHG
MHH,MHH
MHK,MHK
MHQ,MHQ
MHT,MHT
MIA,MIA
MID,MID
MIG,MIG
MII,MII
MIM,MIM
MIR,MIR
MIS,MIS
MJD,MJD
MJF,MJF
MJI,MJI
MJM,MJM
MJN,MJN
MJT,MJT
MJU,MJU
MJV,MJV
MJZ,MJZ
MKC,MKC
MKE,MKE
MKG,MKG
MKK,MKK
MKL,MKL
MKM,MKM
MKP,MKP
MKQ,MKQ
MKW,MKW
MKY,MKY
MKZ,MKZ
MLA,MLA
MLB,MLB
MLE,MLE
MLG,MLG
MLH,MLH
MLI,MLI
MLM,MLM
MLN,MLN
MLO,MLO
MLU,MLU
MLX,MLX
MMB,MMB
MMD,MMD
MME,MME
MMH,MMH
MMJ,MMJ
MMK,MMK
MMO,MMO
MMU,MMU
MMX,MMA
MMY,MMY
MMZ,MMZ
MNA,MNA
MNC,MNC
MNG,MNG
MNL,MNL
MNU,MNU
MOB,MOB
MOC,MOC
MOF,MOF
MOG,MOG
MOI,MOI
MOL,MOL
MOQ,MOQ
MOT,MOT
MOU,MOU
MOV,MOV
MOZ,MOZ
MPA,MPA
MPH,MPH
MPL,MPL
MPM,MPM
MPN,MPN
MQF,MQF
MQJ,MQJ
MQL,MQL
MQM,MQM
MQN,MQN
MQP,NLP
MQP,MQP
MQT,MQT
MQX,MQX
MRA,MRA
MRE,MRE
MRS,MRS
MRU,MRU
MRV,MRV
MRY,MRY
MRZ,MRZ
MSA,MSA
MSJ,MSJ
MSL,MSL
MSN,MSN
MSO,MSO
MSP,MSP
MSQ,MSQ
MSR,MSR
MST,MST
MSU,MSU
MSY,MSY
MSZ,MSZ
MTJ,MTJ
MTR,MTR
MTT,MTT
MTV,MTV
MTY,MTY
MUA,MUA
MUB,MUB
MUC,MUC
MUK,MUK
MUN,MUN
MUR,MUR
MUW,MUW
MUX,MUX
MVB,MVB
MVD,MVD
MVP,MVP
MVR,MVR
MVT,MVT
MVY,MVY
MWF,MWF
MWX,MWX
MWZ,MWZ
MXH,MXH
MXL,MXL
MXP,MIL
MXS,MXS
MXV,MXV
MXX,MXX
MXZ,MXZ
MYA,MYA
MYD,MYD
MYF,SAN
MYG,MYG
MYJ,MYJ
MYR,MYR
MYT,MYT
MYU,MYU
MYW,MYW
MYY,MYY
MZG,MZG
MZH,MZH
MZL,MZL
MZO,MZO
MZR,MZR
MZT,MZT
MZV,MZV
MZW,MZW
NAG,NAG
NAH,NAH
NAJ,NAJ
NAL,NAL
NAN,NAN
NAO,NAO
NAP,NAP
NAQ,NAQ
NAS,NAS
NAT,NAT
NAU,NAU
NAV,NAV
NAW,NAW
NAY,BJS
NBC,NBC
NBE,NBE
NBO,NBO
NBS,NBS
NBX,NBX
NCE,NCE
NCJ,NCJ
NCL,NCL
NCN,NCN
NCU,NCU
NDB,NDB
NDG,NDG
NDJ,NDJ
NDR,NDR
NDU,NDU
NER,NER
NEV,NEV
NGB,NGB
NGE,NGE
NGK,NGK
NGO,NGO
NGQ,NGQ
NGS,NGS
NHV,NHV
NIF,NIF
NIM,NIM
NIU,NIU
NJC,NJC
NJF,NJF
NKC,NKC
NKG,NKG
NKM,NGO
NKT,NKT
NLA,NLA
NLD,NLD
NLK,NLK
NLT,NLT
NMA,NMA
NME,NME
NNB,NNB
NNG,NNG
NNM,NNM
NNT,NNT
NNX,NNX
NNY,NNY
NOB,NOB
NOC,NOC
NOJ,NOJ
NOP,NOP
NOS,NOS
NOU,NOU
NOV,NOV
NOZ,NOZ
NPE,NPE
NPL,NPL
NQN,NQN
NQU,NQU
NQX,EYW
NQY,NQY
NRA,NRA
NRE,NRE
NRK,NRK
NRN,NRN
NRT,TYO
NSH,NSH
NSI,YAO
NSK,NSK
NSN,NSN
NST,NST
NTD,NTD
NTE,NTE
NTG,NTG
NTL,NTL
NTQ,NTQ
NTX,NTX
NUE,NUE
NUI,NUI
NUK,NUK
NUL,NUL
NUS,NUS
NUU,NUU
NUX,NUX
NVA,NVA
NVI,NVI
NVK,NVK
NVT,NVT
NWI,NWI
NYA,NYA
NYI,NYI
NYM,NYM
NYO,STO
NYR,NYR
NYT,NYT
NYU,NYU
NYW,NYW
NZH,NZH
OAG,OAG
OAI,OAI
OAJ,OAJ
OAK,OAK
OAL,OAL
OAS,OAS
OAX,OAX
OBO,OBO
OBU,OBU
OCC,OCC
OCM,OCM
ODN,ODN
ODO,ODO
ODS,ODS
ODY,ODY
OER,OER
OGD,OGD
OGG,OGG
OGL,OGL
OGN,OGN
OGX,OGX
OGZ,OGZ
OHD,OHD
OHE,OHE
OHH,OHH
OHS,OHS
OIM,OIM
OIT,OIT
OKA,OKA
OKC,OKC
OKE,OKE
OKI,OKI
OKJ,OKJ
OKL,OKL
OLB,OLB
OLL,OLL
OLP,OLP
OLZ,OLZ
OMA,OMA
OMD,OMD
OME,OME
OMH,OMH
OMR,OMR
OMS,OMS
OND,OND
ONJ,ONJ
ONK,ONK
ONL,ONL
ONS,ONS
ONT,ONT
OOK,OOK
OOL,OOL
OPO,OPO
OPS,OPS
ORB,ORB
ORD,CHI
ORF,ORF
ORH,ORH
ORK,ORK
ORN,ORN
ORU,ORU
ORV,ORV
ORY,PAR
ORZ,ORZ
OSD,OSD
OSI,OSI
OSL,OSL
OSM,OSM
OSR,OSR
OSS,OSS
OST,OST
OSW,OSW
OSY,OSY
OTD,OTD
OTH,OTH
OTI,OTI
OTP,BUH
OTZ,OTZ
OUA,OUA
OUD,OUD
OUL,OUL
OUZ,OUZ
OVB,OVB
OVD,OVD
OVS,OVS
OWB,OWB
OXB,OXB
OZC,OZC
OZG,OZG
OZH,OZH
OZZ,OZZ
PAC,PTY
PAD,PAD
PAG,PAG
PAH,PAH
PAP,PAP
PAS,PAS
PAT,PAT
PAV,PAV
PAZ,PAZ
PBC,PBC
PBD,PBD
PBG,PBG
PBH,PBH
PBI,PBI
PBJ,PBJ
PBL,PBL
PBM,PBM
PBO,PBO
PBU,PBU
PBZ,PBZ
PCL,PCL
PCR,PCR
PDA,PDA
PDG,PDG
PDK,ATL
PDL,PDL
PDP,PDP
PDS,PDS
PDT,PDT
PDV,PDV
PDX,PDX
PED,PED
PEE,PEE
PEG,PEG
PEI,PEI
PEK,BJS
PEM,PEM
PEN,PEN
PER,PER
PES,PES
PET,PET
PEU,PEU
PEW,PEW
PEZ,PEZ
PFB,PFB
PFO,PFO
PFQ,PFQ
PGA,PGA
PGD,PGD
PGF,PGF
PGK,PGK
PGV,PGV
PGX,PGX
PHB,PHB
PHC,PHC
PHE,PHE
PHF,PHF
PHL,PHL
PHO,PHO
PHS,PHS
PHW,PHW
PHX,PHX
PIA,PIA
PIB,LUL
PIE,PIE
PIH,PIH
PIK,GLA
PIN,PIN
PIR,PIR
PIS,PIS
PIT,PIT
PIU,PIU
PIX,PIX
PIZ,PIZ
PJA,PJA
PJG,PJG
PJM,PJM
PKB,PKB
PKC,PKC
PKE,PKE
PKN,PKN
PKP,PKP
PKR,PKR
PKU,PKU
PKY,PKY
PKZ,PKZ
PLJ,PLJ
PLM,PLM
PLN,PLN
PLO,PLO
PLQ,PLQ
PLS,PLS
PLU,BHZ
PLW,PLW
PLX,PLX
PLZ,PLZ
PMC,PMC
PMF,PMF
PMI,PMI
PMO,PMO
PMR,PMR
PMV,PMV
PMW,PMW
PMY,PMY
PMZ,PMZ
PNA,PNA
PND,PND
PNH,PNH
PNI,PNI
PNK,PNK
PNL,PNL
PNP,PNP
PNQ,PNQ
PNR,PNR
PNS,PNS
PNZ,PNZ
POA,POA
POG,POG
POI,POI
POJ,POJ
POL,POL
POM,POM
POP,POP
POR,POR
POS,POS
POZ,POZ
PPB,PPB
PPG,PPG
PPN,PPN
PPP,PPP
PPQ,PPQ
PPS,PPS
PPT,PPT
PQC,PQC
PQI,PQI
PQQ,PQQ
PQS,PQS
PRA,PRA
PRC,PRC
PRG,PRG
PRH,PRH
PRI,PRI
PRN,PRN
PSA,PSA
PSC,PSC
PSE,PSE
PSG,PSG
PSJ,PSJ
PSM,PSM
PSO,PSO
PSP,PSP
PSR,PSR
PSS,PSS
PSU,PSU
PSZ,PSZ
PTG,PTG
PTH,PTH
PTJ,PTJ
PTP,PTP
PTY,PTY
PUB,PUB
PUE,PUE
PUF,PUF
PUG,PUG
PUJ,PUJ
PUK,PUK
PUM,PUM
PUQ,PUQ
PUS,PUS
PUU,PUU
PUW,PUW
PUY,PUY
PVA,PVA
PVD,PVD
PVG,SHA
PVH,PVH
PVK,PVK
PVL,PVL
PVR,PVR
PVU,PVU
PWM,PWM
PWQ,PWQ
PXM,PXM
PXO,PXO
PXU,PXU
PYH,PYH
PYJ,PYJ
PYY,PYY
PZB,PZB
PZH,PZH
PZI,PZI
PZO,PZO
PZU,PZU
QBC,QBC
QOW,QOW
QRO,QRO
QSC,QSC
QSF,QSF
QUO,QUO
RAB,RAB
RAE,RAE
RAH,RAH
RAI,RAI
RAJ,RAJ
RAK,RAK
RAO,RAO
RAP,RAP
RAR,RAR
RAS,RAS
RBA,RBA
RBQ,RBQ
RBR,RBR
RBV,RBV
RBY,RBY
RCB,RCB
RCH,RCH
RCM,RCM
RCY,RCY
RDB,RDB
RDD,RDD
RDM,RDM
RDU,RDU
RDZ,RDZ
REA,REA
REC,REC
REG,REG
REL,REL
REN,REN
REP,REP
RES,RES
RET,RET
REU,REU
REX,REX
RFD,RFD
RFP,RFP
RGA,RGA
RGI,RGI
RGK,RGK
RGL,RGL
RGN,RGN
RGS,RGS
RHD,RHD
RHI,RHI
RHO,RHO
RHT,RHT
RIA,RIA
RIB,RIB
RIC,RIC
RIG,RIG
RIS,RIS
RIW,RIW
RIX,RIX
RIY,RIY
RJA,RJA
RJH,RJH
RJK,RJK
RJL,RJL
RKA,RKA
RKS,RKS
RKV,REK
RKZ,RKZ
RLG,RLG
RLK,RLK
RLO,RLO
RMA,RMA
RMF,RMF
RMI,RMI
RMP,RMP
RMQ,RMQ
RMS,RMS
RMT,RMT
RNA,RNA
RNB,RNB
RNJ,RNJ
RNL,RNL
RNN,RNN
RNO,RNO
RNS,RNS
ROA,ROA
ROB,MLW
ROC,ROC
ROI,ROI
ROK,ROK
ROO,ROO
ROP,ROP
ROR,ROR
ROS,ROS
ROT,ROT
ROV,ROV
ROW,ROW
RPR,RPR
RRG,RRG
RRR,RRR
RRS,RRS
RSA,RSA
RSD,RSD
RST,RST
RSU,RSU
RSW,FMY
RTA,RTA
RTB,RTB
RTI,RTI
RTM,RTM
RTW,RTW
RUA,RUA
RUH,RUH
RUN,RUN
RUP,RUP
RUR,RUR
RVD,RVD
RVE,RVE
RVK,RVK
RVN,RVN
RVT,RVT
RVV,RVV
RXS,RXS
RYG,RYG
RYK,RYK
RYL,RYL
RZE,RZE
RZR,RZR
SAB,SAB
SAF,SAF
SAH,SAH
SAL,SAL
SAN,SAN
SAP,SAP
SAT,SAT
SAV,SAV
SAW,IST
SBA,SBA
SBH,SBH
SBN,SBN
SBP,CSL
SBW,SBW
SBY,SBY
SBZ,SBZ
SCC,SCC
SCE,SCE
SCK,SCK
SCL,SCL
SCM,SCM
SCN,SCN
SCO,SCO
SCQ,SCQ
SCT,SCT
SCU,SCU
SCW,SCW
SCY,SCY
SCZ,SCZ
SDD,SDD
SDE,SDE
SDF,SDF
SDJ,SDJ
SDK,SDK
SDL,SDL
SDN,SDN
SDP,SDP
SDQ,SDQ
SDR,SDR
SDU,RIO
SDV,TLV
SEA,SEA
SEB,SEB
SEK,SEK
SEN,SEN
SEU,SEU
SEZ,SEZ
SFA,SFA
SFB,SFB
SFD,SFD
SFG,SFG
SFH,SFH
SFJ,SFJ
SFL,SFL
SFN,SFN
SFO,SFO
SFT,SFT
SGC,SGC
SGD,SGD
SGF,SGF
SGN,SGN
SGU,SGU
SGY,SGY
SHA,SHA
SHB,SHB
SHC,SHC
SHD,SHD
SHE,SHE
SHG,SHG
SHH,SHH
SHJ,SHJ
SHL,SHL
SHM,SHM
SHP,SHP
SHR,SHR
SHV,SHV
SHW,SHW
SHX,SHX
SIC,SIC
SID,SID
SIF,SIF
SIN,SIN
SIP,SIP
SIS,SIS
SIT,SIT
SJC,SJC
SJD,SJD
SJE,SJE
SJI,SJI
SJJ,SJJ
SJL,SJL
SJO,SJO
SJP,SJP
SJT,SJT
SJU,SJU
SJW,SJW
SJZ,SJZ
SKB,SKB
SKD,SKD
SKE,SKE
SKG,SKG
SKK,SKK
SKN,SKN
SKO,SKO
SKP,SKP
SKT,SKT
SKU,SKU
SKX,SKX
SKZ,SKZ
SLA,SLA
SLC,SLC
SLH,SLH
SLI,SLI
SLL,SLL
SLM,SLM
SLN,SLN
SLP,SLP
SLU,SLU
SLW,SLW
SLY,SLY
SLZ,SLZ
SMA,SMA
SMF,SAC
SMI,SMI
SMK,SMK
SML,SML
SMQ,SMQ
SMR,SMR
SMS,SMS
SMX,SMX
SNA,SNA
SNC,SNC
SNE,SNE
SNN,SNN
SNO,SNO
SNP,SNP
SNR,SNR
SNU,SNU
SNW,SNW
SOB,SOB
SOC,SOC
SOF,SOF
SOG,SOG
SOJ,SOJ
SOM,SOM
SON,SON
SOQ,SOQ
SOU,SOU
SOW,SOW
SPB,STT
SPC,SPC
SPD,SPD
SPI,SPI
SPN,SPN
SPP,SPP
SPR,SPR
SPS,SPS
SPU,SPU
SPY,SPY
SQD,SQD
SQG,SQG
SRE,SRE
SRG,SRG
SRI,SRI
SRP,SRP
SRQ,SRQ
SRY,SRY
SRZ,SRZ
SSA,SSA
SSB,STX
SSG,SSG
SSH,SSH
SSJ,SSJ
SSR,SSR
STC,STC
STD,STD
STG,STG
STI,STI
STL,STL
STM,STM
STN,LON
STR,STR
STS,STS
STT,STT
STV,STV
STW,STW
STX,STX
SUB,SUB
SUF,SUF
SUG,SUG
SUJ,SUJ
SUK,SUK
SUN,SUN
SUR,SUR
SUV,SUV
SUX,SUX
SUY,SUY
SVA,SVA
SVB,SVB
SVC,SVC
SVD,SVD
SVG,SVG
SVI,SVI
SVJ,SVJ
SVK,SVK
SVL,SVL
SVN,SVN
SVO,MOW
SVP,SVP
SVQ,SVQ
SVU,SVU
SVX,SVX
SWA,SWA
SWF,SWF
SWJ,SWJ
SWO,SWO
SWQ,SWQ
SXB,SXB
SXF,BER
SXK,SXK
SXM,SXM
SXR,SXR
SXZ,SXZ
SYD,SYD
SYM,SYM
SYO,SYO
SYQ,SJO
SYR,SYR
SYS,SYS
SYX,SYX
SYY,SYY
SYZ,SYZ
SZA,SZA
SZB,KUL
SZE,SZE
SZF,SZF
SZG,SZG
SZI,SZI
SZK,SZK
SZX,SZX
SZZ,SZZ
TAB,TAB
TAC,TAC
TAE,TAE
TAG,TAG
TAH,TAH
TAI,TAI
TAK,TAK
TAL,TAL
TAM,TAM
TAO,TAO
TAP,TAP
TAS,TAS
TAT,TAT
TAY,TAY
TBB,TBB
TBG,TBG
TBH,TBH
TBI,TBI
TBO,TBO
TBP,TBP
TBS,TBS
TBT,TBT
TBU,TBU
TBW,TBW
TBZ,TBZ
TCB,TCB
TCD,TCD
TCG,TCG
TCL,TCL
TCO,TCO
TCP,TCP
TCQ,TCQ
TCR,TCR
TCZ,TCZ
TDD,TDD
TDG,TDG
TDX,TDX
TEE,TEE
TEK,TEK
TEN,TEN
TEQ,TEQ
TER,TER
TET,TET
TFF,TFF
TFI,TFI
TFN,TCI
TFS,TCI
TGC,TGC
TGD,TGD
TGG,TGG
TGI,TGI
TGM,TGM
TGO,TGO
TGP,TGP
TGR,TGR
TGU,TGU
TGZ,TGZ
THD,THD
THE,THE
THL,THL
THN,THN
THQ,THQ
THR,THR
THS,THS
THU,THU
THX,THX
THZ,THZ
TIA,TIA
TID,TID
TIF,TIF
TIH,TIH
TII,TII
TIJ,TIJ
TIM,TIM
TIN,TIN
TIP,TIP
TIR,TIR
TIU,TIU
TIV,TIV
TIZ,TIZ
TJA,TJA
TJK,TJK
TJL,TJL
TJM,TJM
TJN,TJN
TJQ,TJQ
TJS,TJS
TJU,TJU
TKD,TKD
TKG,TKG
TKK,TKK
TKN,TKN
TKP,TKP
TKQ,TKQ
TKS,TKS
TKU,TKU
TKV,TKV
TKX,TKX
TLA,TLA
TLC,TLC
TLE,TLE
TLH,TLH
TLI,TLI
TLL,TLL
TLM,TLM
TLN,TLN
TLS,TLS
TLV,TLV
TMC,TMC
TME,TME
TMF,TMF
TMI,TMI
TMJ,TMJ
TMK,TMK
TML,TML
TMM,TMM
TMP,TMP
TMR,TMR
TMS,TMS
TMT,TMT
TMU,TMU
TMW,TMW
TMX,TMX
TNA,TNA
TNC,TNC
TNE,TNE
TNG,TNG
TNH,TNH
TNJ,TNJ
TNK,TNK
TNN,TNN
TNO,TNO
TNR,TNR
TNW,TNW
TOB,TOB
TOE,TOE
TOF,TOF
TOG,TOG
TOH,TOH
TOL,TOL
TOS,TOS
TOY,TOY
TPA,TPA
TPE,TPE
TPP,TPP
TPQ,TPQ
TPS,TPS
TQL,TQL
TRA,TRA
TRC,TRC
TRD,TRD
TRE,TRE
TRF,OSL
TRG,TRG
TRI,TRI
TRK,TRK
TRM,TRM
TRN,TRN
TRO,TRO
TRR,TRR
TRS,TRS
TRU,TRU
TRV,TRV
TRW,TRW
TRZ,TRZ
TSA,TPE
TSE,TSE
TSF,VCE
TSJ,TSJ
TSN,TSN
TSR,TSR
TST,TST
TSV,TSV
TTA,TTA
TTE,TTE
TTJ,TTJ
TTN,TTN
TTQ,TTQ
TTT,TTT
TTU,TTU
TUB,TUB
TUC,TUC
TUF,TUF
TUG,TUG
TUI,TUI
TUK,TUK
TUL,TUL
TUN,TUN
TUO,TUO
TUP,TUP
TUR,TUR
TUS,TUS
TUU,TUU
TVC,TVC
TVF,TVF
TVS,TVS
TVU,TVU
TVY,TVY
TWF,TWF
TWT,TWT
TWU,TWU
TXF,TXF
TXK,TXK
TXL,BER
TXN,TXN
TYF,TYF
TYL,TYL
TYN,TYN
TYR,TYR
TYS,TYS
TZA,BZE
TZL,TZL
TZX,TZX
UAH,UAH
UAK,UAK
UAP,UAP
UAQ,UAQ
UBA,UBA
UBJ,UBJ
UBP,UBP
UCT,UCT
UDI,UDI
UDJ,UDJ
UDR,UDR
UEL,UEL
UEO,UEO
UET,UET
UFA,UFA
UGC,UGC
UIB,UIB
UIH,UIH
UII,UII
UIO,UIO
UIP,UIP
UKA,UKA
UKB,UKB
UKG,UKG
UKK,UKK
UKX,UKX
ULB,ULB
ULD,ULD
ULG,ULG
ULH,ULH
ULK,ULK
ULN,ULN
ULO,ULO
ULV,ULV
ULZ,ULZ
UME,UME
UMS,UMS
UND,UND
UNG,UNG
UNK,UNK
UNN,UNN
UOA,UOA
UOX,UOX
UPG,UPG
UPN,UPN
URA,URA
URC,URC
URE,URE
URG,URG
URJ,URJ
URS,URS
URT,URT
URY,URY
USA,USA
USH,USH
USK,USK
USM,USM
USN,USN
USR,USR
UST,UST
USU,USU
UTH,UTH
UTN,UTN
UTP,UTP
UTT,UTT
UUD,UUD
UUS,UUS
UVE,UVE
UVF,SLU
UYL,UYL
UYN,UYN
UYU,UYU
UZR,UZR
VAA,VAA
VAI,VAI
VAK,VAK
VAL,VAL
VAM,VAM
VAN,VAN
VAO,VAO
VAR,VAR
VAS,VAS
VAW,VAW
VBA,VBA
VBP,VBP
VBV,VBV
VBY,VBY
VCA,VCA
VCE,VCE
VCL,VCL
VCP,SAO
VCS,VCS
VCT,VCT
VCV,VCV
VDA,VDA
VDB,VDB
VDC,VDC
VDE,VDE
VDH,VDH
VDM,VDM
VDS,VDS
VDZ,VDZ
VEE,VEE
VEL,VEL
VER,VER
VFA,VFA
VGA,VGA
VGO,VGO
VGZ,VGZ
VHC,VHC
VHM,VHM
VHV,VHV
VHZ,VHZ
VIE,VIE
VIG,VIG
VII,VII
VIL,VIL
VIR,VIR
VIS,VIS
VIX,VIX
VKG,VKG
VKO,MOW
VKT,VKT
VLC,VLC
VLD,VLD
VLG,VLG
VLI,VLI
VLL,VLL
VLN,VLN
VLY,VLY
VNO,VNO
VNS,VNS
VNX,VNX
VOG,VOG
VOL,VOL
VOZ,VOZ
VPE,VPE
VPS,VPS
VPY,VPY
VQS,VQS
VRA,VRA
VRC,VRC
VRN,VRN
VSA,VSA
VST,VST
VTE,VTE
VTZ,VTZ
VUP,VUP
VUS,VUS
VVC,VVC
VVI,SRZ
VVO,VVO
VVZ,VVZ
VXC,VXC
VXE,VXE
VXO,VXO
VYI,VYI
WAA,WAA
WAE,WAE
WAG,WAG
WAT,WAT
WAW,WAW
WBB,WBB
WBM,WBM
WDH,WDH
WEF,WEF
WEH,WEH
WEI,WEI
WGA,WGA
WGP,WGP
WHK,WHK
WIC,WIC
WIL,NBO
WIN,WIN
WJR,WJR
WJU,WJU
WKJ,WKJ
WLE,WLE
WLG,WLG
WLH,WLH
WLK,WLK
WLP,WLP
WLS,WLS
WMI,WMI
WMN,WMN
WMO,WMO
WMR,WMR
WMX,WMX
WNH,WNH
WNN,WNN
WNP,WNP
WNZ,WNZ
WRE,WRE
WRG,WRG
WRL,WRL
WRN,WRN
WRO,WRO
WSZ,WSZ
WTB,WTB
WTK,WTK
WUA,WUA
WUH,WUH
WUS,WUS
WUX,WUX
WUZ,WUZ
WVB,WVB
WWI,WWI
WWK,WWK
WWT,WWT
WXN,WXN
WYA,WYA
WYS,WYS
XAP,XAP
XBE,XBE
XBJ,XBJ
XCH,XCH
XCR,XCR
XFN,XFN
XFW,XFW
XGR,XGR
XIC,XIC
XIL,XIL
XIY,SIA
XJD,XJD
XKH,XKH
XKS,XKS
XMH,XMH
XMN,XMN
XMS,XMS
XNA,FYV
XNN,XNN
XQP,XQP
XRY,XRY
XSB,XSB
XSC,XSC
XUZ,XUZ
YAA,YAA
YAB,YAB
YAC,YAC
YAG,YAG
YAK,YAK
YAM,YAM
YAP,YAP
YAT,YAT
YAX,YAX
YAY,YAY
YBC,YBC
YBG,YBG
YBK,YBK
YBL,YBL
YBP,YBP
YBR,YBR
YBX,YBX
YCB,YCB
YCD,YCD
YCG,YCG
YCK,YCK
YCL,YCL
YCO,YCO
YCS,YCS
YCU,YCU
YCY,YCY
YDF,YDF
YDP,YDP
YDQ,YDQ
YEG,YEA
YEI,BTZ
YEK,YEK
YER,YER
YES,YES
YEV,YEV
YFA,YFA
YFB,YFB
YFC,YFC
YFH,YFH
YFJ,YFJ
YFO,YFO
YFS,YFS
YGH,YGH
YGJ,YGJ
YGK,YGK
YGL,YGL
YGP,YGP
YGR,YGR
YGT,YGT
YGV,YGV
YGW,YGW
YGX,YGX
YGZ,YGZ
YHD,YHD
YHI,YHI
YHK,YHK
YHM,YHM
YHO,YHO
YHP,YHP
YHR,YHR
YHU,YMQ
YHY,YHY
YHZ,YHZ
YIC,YIC
YIE,YIE
YIF,YIF
YIH,YIH
YIK,YIK
YIN,YIN
YIO,YIO
YIW,YIW
YJT,YJT
YKA,YKA
YKF,YKF
YKG,YKG
YKL,YKL
YKM,YKM
YKQ,YKQ
YKS,YKS
YKU,YKU
YLC,YLC
YLE,YLE
YLH,YLH
YLL,YLL
YLW,YLW
YMK,YMK
YMM,YMM
YMN,YMN
YMO,YMO
YMP,YMP
YMT,YMT
YMX,YMQ
YNA,YNA
YNB,YNB
YNC,YNC
YND,YND
YNG,YNG
YNJ,YNJ
YNO,YNO
YNP,YNP
YNS,YNS
YNT,YNT
YNY,YNY
YNZ,YNZ
YOJ,YOJ
YOL,YOL
YOP,YOP
YOW,YOW
YPC,YPC
YPH,YPH
YPJ,YPJ
YPL,YPL
YPM,YPM
YPO,YPO
YPR,YPR
YPW,YPW
YPX,YPX
YPY,YPY
YQB,YQB
YQC,YQC
YQD,YQD
YQF,YQF
YQG,YQG
YQK,YQK
YQL,YQL
YQM,YQM
YQQ,YQQ
YQR,YQR
YQT,YQT
YQU,YQU
YQX,YQX
YQY,YQY
YQZ,YQZ
YRA,YRA
YRB,YRB
YRG,YRG
YRL,YRL
YRT,YRT
YSB,YSB
YSG,YSG
YSJ,YSJ
YSK,YSK
YSM,YSM
YSO,YSO
YSY,YSY
YTE,YTE
YTG,YTG
YTH,YTH
YTL,YTL
YTM,YTM
YTQ,YTQ
YTS,YTS
YTY,YTY
YTZ,YTO
YUB,YUB
YUD,YUD
YUL,YMQ
YUM,YUM
YUS,YUS
YUT,YUT
YUX,YUX
YUY,YUY
YVB,YVB
YVM,YVM
YVO,YVO
YVP,YVP
YVQ,YVQ
YVR,YVR
YVZ,YVZ
YWB,YWB
YWG,YWG
YWH,YYJ
YWJ,YWJ
YWK,YWK
YWL,YWL
YWP,YWP
YXC,YXC
YXE,YXE
YXH,YXH
YXJ,YXJ
YXL,YXL
YXN,YXN
YXP,YXP
YXS,YXS
YXT,YXT
YXU,YXU
YXX,YXX
YXY,YXY
YYB,YYB
YYC,YYC
YYD,YYD
YYE,YYE
YYF,YYF
YYG,YYG
YYH,YYH
YYJ,YYJ
YYQ,YYQ
YYR,YYR
YYT,YYT
YYU,YYU
YYY,YYY
YYZ,YTO
YZF,YZF
YZG,YZG
YZP,YZP
YZR,YZR
YZS,YZS
YZT,YZT
YZV,YZV
YZY,YZY
YZZ,YZZ
ZAD,ZAD
ZAG,ZAG
ZAH,ZAH
ZAJ,ZAJ
ZAL,ZAL
ZAM,ZAM
ZAT,ZAT
ZAZ,ZAZ
ZBF,ZBF
ZBL,ZBL
ZBR,ZBR
ZCL,ZCL
ZCO,ZCO
ZDY,ZDY
ZEL,ZEL
ZEM,ZEM
ZFM,ZFM
ZFN,ZFN
ZGS,ZGS
ZGU,ZGU
ZHA,ZHA
ZHY,ZHY
ZIG,ZIG
ZIH,ZIH
ZIX,ZIX
ZKE,ZKE
ZKG,ZKG
ZKP,ZKP
ZLO,ZLO
ZLT,ZLT
ZLX,ZLX
ZMT,ZMT
ZNA,ZNA
ZND,ZND
ZNE,ZNE
ZNZ,ZNZ
ZOS,ZOS
ZPB,ZPB
ZQN,ZQN
ZQZ,ZQZ
ZRH,ZRH
ZRJ,ZRJ
ZSA,ZSA
ZSE,ZSE
ZSJ,ZSJ
ZTA,ZTA
ZTB,ZTB
ZTH,ZTH
ZUH,ZUH
ZUM,ZUM
ZVK,ZVK
ZYI,ZYI
ZYL,ZYL
